Network,Density,Centrality,,,,,,
1,0.273797949,0.112045496,,,,,,
2,0.344319551,0.131890344,,,,,,
3,0.338936448,0.439866622,,,,,Threshold,8
4,0.309736046,0.140306169,,,,,Pass1link,5
5,0.117402098,0.090435874,,,,,Pass2link,8
6,0,0.45550824,,,,,,
