Network,Density,Centrality,,,,,
1,0.775115296,0,,,,,
2,0.641679609,0.839836228,,,,threshold,8
3,0.4909091,0,,,,pass1link,5
4,0,0.991055862,,,,pass2link,8
