Network,Density,Centrality,,,,,
1,0.482693613,0.648393813,,,,,
2,0.521318692,0,,,,Threshold,5
3,0.525252536,0,,,,Pass1link,5
4,0.268998018,0.648393813,,,,Pass2link,8
5,0,0,,,,,
